zone;centerX;centerY;nRequests;sumWaitTime;meanWaitTime;min;max;p95;p90;p80;p75;p50
1;329083.2821588827;3899710.390773128;1;61;61.0;61.0;61.0;61.0;61.0;61.0;61.0;61.0
10;331393.4543082903;3901516.4385849386;12;3966;330.5;61.0;880.0;880.0;788.8000000000003;523.8000000000001;476.75;223.5
100;329399.12241439725;3916350.4995232723;0;0;NaN;NaN;NaN;NaN;NaN;NaN;NaN;NaN
101;330447.5574759205;3911706.6962707443;3;616;205.33333333333334;127.0;360.0;360.0;360.0;360.0;360.0;129.0
102;331583.84108944883;3911685.3264242904;3;451;150.33333333333334;119.0;184.0;184.0;184.0;184.0;184.0;148.0
103;332720.12202282384;3911664.100150668;2;297;148.5;117.0;180.0;180.0;180.0;180.0;180.0;148.5
104;333856.40029405616;3911643.017446829;0;0;NaN;NaN;NaN;NaN;NaN;NaN;NaN;NaN
105;334992.67592116643;3911622.0783097385;1;214;214.0;214.0;214.0;214.0;214.0;214.0;214.0;214.0
106;336128.9489221673;3911601.282736384;0;0;NaN;NaN;NaN;NaN;NaN;NaN;NaN;NaN
107;337265.21931508055;3911580.630723778;0;0;NaN;NaN;NaN;NaN;NaN;NaN;NaN;NaN
108;338401.48711792834;3911560.12226895;1;61;61.0;61.0;61.0;61.0;61.0;61.0;61.0;61.0
109;339537.75234872487;3911539.7573689506;1;61;61.0;61.0;61.0;61.0;61.0;61.0;61.0;61.0
11;332531.0186504446;3901495.236325163;0;0;NaN;NaN;NaN;NaN;NaN;NaN;NaN;NaN
110;340674.0150254953;3911519.5360208503;1;61;61.0;61.0;61.0;61.0;61.0;61.0;61.0;61.0
111;330465.00365422055;3912631.1497325525;20;1480;74.0;1.0;190.0;189.39999999999998;171.40000000000015;110.6;97.0;61.0
112;331601.17044721305;3912609.7776991334;5;782;156.4;114.0;220.0;220.0;220.0;208.00000000000006;190.0;160.0
113;332737.33456254535;3912588.549253197;1;292;292.0;292.0;292.0;292.0;292.0;292.0;292.0;292.0
114;333873.4960182085;3912567.464391693;0;0;NaN;NaN;NaN;NaN;NaN;NaN;NaN;NaN
115;335009.6548322063;3912546.5231115916;0;0;NaN;NaN;NaN;NaN;NaN;NaN;NaN;NaN
116;336145.81102253846;3912525.7254098803;0;0;NaN;NaN;NaN;NaN;NaN;NaN;NaN;NaN
117;337281.9646072065;3912505.0712835696;0;0;NaN;NaN;NaN;NaN;NaN;NaN;NaN;NaN
118;338418.1156042161;3912484.5607296904;4;341;85.25;61.0;158.0;158.0;158.0;158.0;133.75;61.0
119;339554.26403156645;3912464.193745295;3;539;179.66666666666666;146.0;231.0;231.0;231.0;231.0;231.0;162.0
120;340690.4099072635;3912443.9703274556;0;0;NaN;NaN;NaN;NaN;NaN;NaN;NaN;NaN
121;330482.4534331519;3913555.6043473682;4;866;216.5;119.0;328.0;328.0;328.0;328.0;302.0;209.5
122;332754.5506547441;3913512.9995123306;0;0;NaN;NaN;NaN;NaN;NaN;NaN;NaN;NaN
123;333890.5952707625;3913491.9124949467;0;0;NaN;NaN;NaN;NaN;NaN;NaN;NaN;NaN
124;335026.6372475738;3913470.969073605;0;0;NaN;NaN;NaN;NaN;NaN;NaN;NaN;NaN
125;336162.6766031597;3913450.169245294;0;0;NaN;NaN;NaN;NaN;NaN;NaN;NaN;NaN
126;337298.71335550497;3913429.5130070243;1;522;522.0;522.0;522.0;522.0;522.0;522.0;522.0;522.0
127;338434.7475226007;3913409.000355829;7;970;138.57142857142858;61.0;234.0;234.0;234.0;194.40000000000003;168.0;156.0
128;339570.7791224265;3913388.6312887594;2;316;158.0;139.0;177.0;177.0;177.0;177.0;177.0;158.0
129;340706.8081729739;3913368.405802887;0;0;NaN;NaN;NaN;NaN;NaN;NaN;NaN;NaN
13;329135.84058886924;3902483.7163482932;0;0;NaN;NaN;NaN;NaN;NaN;NaN;NaN;NaN
130;332771.77029906923;3914437.4509281903;0;0;NaN;NaN;NaN;NaN;NaN;NaN;NaN;NaN
131;333907.6980513689;3914416.361756708;0;0;NaN;NaN;NaN;NaN;NaN;NaN;NaN;NaN
132;335043.62316691864;3914395.416195895;0;0;NaN;NaN;NaN;NaN;NaN;NaN;NaN;NaN
133;336179.54566368373;3914374.614242743;1;192;192.0;192.0;192.0;192.0;192.0;192.0;192.0;192.0
134;337315.4655596342;3914353.95589426;1;295;295.0;295.0;295.0;295.0;295.0;295.0;295.0;295.0
135;338451.3828727407;3914333.441147483;2;376;188.0;112.0;264.0;264.0;264.0;264.0;264.0;188.0
136;339587.29762096796;3914313.0699994615;3;608;202.66666666666666;178.0;222.0;222.0;222.0;222.0;222.0;208.0
137;340723.2098222905;3914292.8424472655;1;209;209.0;209.0;209.0;209.0;209.0;209.0;209.0;209.0
138;332788.9934951673;3915361.9035008904;6;1872;312.0;261.0;438.0;438.0;438.0;386.4000000000001;341.25;293.0
139;333924.80435967626;3915340.812177095;0;0;NaN;NaN;NaN;NaN;NaN;NaN;NaN;NaN
14;329153.36732334236;3903408.1605063123;0;0;NaN;NaN;NaN;NaN;NaN;NaN;NaN;NaN
140;335060.6125898931;3915319.8644785816;4;631;157.75;93.0;224.0;224.0;224.0;224.0;214.0;157.0
141;336196.41820376687;3915299.060402346;4;957;239.25;84.0;519.0;519.0;519.0;519.0;441.0;177.0
142;337332.22121924907;3915278.3999453974;3;676;225.33333333333334;91.0;470.0;470.0;470.0;470.0;470.0;115.0
143;338468.0216542947;3915257.88310477;39;4849;124.33333333333334;44.0;398.0;397.0;208.0;185.0;168.0;83.0
144;339603.8195268515;3915237.5098775188;4;942;235.5;103.0;388.0;388.0;388.0;388.0;372.0;225.5
145;340739.61485487694;3915217.280260711;1;296;296.0;296.0;296.0;296.0;296.0;296.0;296.0;296.0
146;330534.82437014644;3916328.9751110165;0;0;NaN;NaN;NaN;NaN;NaN;NaN;NaN;NaN
147;331670.5236402642;3916307.5943477997;1;64;64.0;64.0;64.0;64.0;64.0;64.0;64.0;64.0
148;332806.2202426845;3916286.357230551;0;0;NaN;NaN;NaN;NaN;NaN;NaN;NaN;NaN
149;333941.9141953344;3916265.26375622;5;1025;205.0;167.0;311.0;311.0;311.0;289.6000000000001;257.5;172.0
15;328033.6749206832;3904354.2450196724;0;0;NaN;NaN;NaN;NaN;NaN;NaN;NaN;NaN
150;335077.60551614995;3916244.313921778;12;948;79.0;61.0;161.0;161.0;149.60000000000005;118.2;101.5;61.0
151;336213.29422306165;3916223.5077242185;10;1728;172.8;115.0;289.0;289.0;281.0;207.4;203.0;171.5
152;337348.9803340066;3916202.845160552;5;1237;247.4;136.0;552.0;552.0;552.0;480.40000000000026;373.0;184.0
153;338484.66386692185;3916182.32622781;8;2626;328.25;129.0;574.0;574.0;574.0;454.8;421.75;381.0
154;339620.3448397374;3916161.9509230466;8;1403;175.375;95.0;454.0;454.0;454.0;270.00000000000006;204.5;127.0
155;340756.0232703965;3916141.7192433393;0;0;NaN;NaN;NaN;NaN;NaN;NaN;NaN;NaN
157;331687.870877246;3917232.051397877;0;0;NaN;NaN;NaN;NaN;NaN;NaN;NaN;NaN
158;332823.4505412667;3917210.8121172865;0;0;NaN;NaN;NaN;NaN;NaN;NaN;NaN;NaN
159;333959.0275579914;3917189.7164942063;0;0;NaN;NaN;NaN;NaN;NaN;NaN;NaN;NaN
16;329170.8976861225;3904332.605814339;0;0;NaN;NaN;NaN;NaN;NaN;NaN;NaN;NaN
160;335094.6019453384;3917168.764525607;4;995;248.75;128.0;533.0;533.0;533.0;533.0;443.75;167.0
161;336230.17372122227;3917147.956208481;3;798;266.0;108.0;547.0;547.0;547.0;547.0;547.0;143.0
162;337365.7429035622;3917127.29153984;5;1506;301.2;192.0;511.0;511.0;511.0;475.0000000000001;421.0;246.0
163;338501.30951027974;3917106.770516719;2;509;254.5;247.0;262.0;262.0;262.0;262.0;262.0;254.5
164;339636.8735592883;3917086.39313617;3;907;302.3333333333333;137.0;416.0;416.0;416.0;416.0;416.0;354.0
165;340772.43506851234;3917066.1593952696;0;0;NaN;NaN;NaN;NaN;NaN;NaN;NaN;NaN
166;331705.22168900404;3918156.5096033537;2;588;294.0;61.0;527.0;527.0;527.0;527.0;527.0;294.0
167;332840.6843905616;3918135.2681612177;0;0;NaN;NaN;NaN;NaN;NaN;NaN;NaN;NaN
168;333976.1444472965;3918114.1703911712;0;0;NaN;NaN;NaN;NaN;NaN;NaN;NaN;NaN
169;335111.6018771109;3918093.2162901848;1;228;228.0;228.0;228.0;228.0;228.0;228.0;228.0;228.0
17;329188.43167684885;3905257.052272497;1;292;292.0;292.0;292.0;292.0;292.0;292.0;292.0;292.0
170;336247.05669790204;3918072.405855251;1;172;172.0;172.0;172.0;172.0;172.0;172.0;172.0;172.0
171;337382.50892757316;3918051.739083384;11;2528;229.8181818181818;120.0;519.0;519.0;467.00000000000017;258.6;258.0;211.0
172;338517.95858402713;3918031.215971616;1;170;170.0;170.0;170.0;170.0;170.0;170.0;170.0;170.0
173;339653.4056851636;3918010.836517004;1;316;316.0;316.0;316.0;316.0;316.0;316.0;316.0;316.0
174;340788.8502488879;3917990.600716621;0;0;NaN;NaN;NaN;NaN;NaN;NaN;NaN;NaN
176;332857.92179021495;3919059.7253624583;0;0;NaN;NaN;NaN;NaN;NaN;NaN;NaN;NaN
177;333993.26486289804;3919038.625447229;0;0;NaN;NaN;NaN;NaN;NaN;NaN;NaN;NaN
178;335128.60531111807;3919017.669215627;0;0;NaN;NaN;NaN;NaN;NaN;NaN;NaN;NaN
179;336263.94315275556;3918996.856664644;1;344;344.0;344.0;344.0;344.0;344.0;344.0;344.0;344.0
18;328068.97981957614;3906203.1435462204;0;0;NaN;NaN;NaN;NaN;NaN;NaN;NaN;NaN
180;338534.61108782416;3918955.6625926197;0;0;NaN;NaN;NaN;NaN;NaN;NaN;NaN;NaN
181;339669.9412170239;3918935.281065665;0;0;NaN;NaN;NaN;NaN;NaN;NaN;NaN;NaN
182;340805.268811187;3918915.0432075113;0;0;NaN;NaN;NaN;NaN;NaN;NaN;NaN;NaN
183;334010.3888044448;3919963.081662498;1;61;61.0;61.0;61.0;61.0;61.0;61.0;61.0;61.0
184;335145.6122470116;3919942.123302051;2;122;61.0;61.0;61.0;61.0;61.0;61.0;61.0;61.0
186;339686.4801545333;3919859.7267822744;0;0;NaN;NaN;NaN;NaN;NaN;NaN;NaN;NaN
187;341826.5532493083;3912423.8904732633;2;122;61.0;61.0;61.0;61.0;61.0;61.0;61.0;61.0
188;342962.69407570566;3912403.954179832;0;0;NaN;NaN;NaN;NaN;NaN;NaN;NaN;NaN
189;344098.83240446425;3912384.1614442947;1;154;154.0;154.0;154.0;154.0;154.0;154.0;154.0;154.0
19;329205.96929516277;3906181.499880902;0;0;NaN;NaN;NaN;NaN;NaN;NaN;NaN;NaN
190;345234.96825358586;3912364.5122638103;12;1962;163.5;60.0;425.0;425.0;372.8000000000002;251.0;245.5;139.0
191;341842.83469222585;3913348.323895305;1;414;414.0;414.0;414.0;414.0;414.0;414.0;414.0;414.0
192;342978.8586981702;3913328.38556313;1;136;136.0;136.0;136.0;136.0;136.0;136.0;136.0;136.0
193;344114.8802087999;3913308.590803495;0;0;NaN;NaN;NaN;NaN;NaN;NaN;NaN;NaN
194;345250.89924209885;3913288.9396135537;1;279;279.0;279.0;279.0;279.0;279.0;279.0;279.0;279.0
195;346386.91581606126;3913269.431990484;11;803;73.0;61.0;97.0;97.0;97.0;97.0;97.0;61.0
196;341859.1194946741;3914272.7584879934;3;361;120.33333333333333;89.0;171.0;171.0;171.0;171.0;171.0;101.0
197;342995.02665609116;3914252.818118759;23;4930;214.34782608695653;61.0;507.0;507.0;436.60000000000025;310.20000000000005;244.0;170.0
198;344130.931324516;3914233.0213366966;3;1086;362.0;157.0;516.0;516.0;516.0;516.0;516.0;413.0
199;345266.8335179175;3914213.3681389624;2;428;214.0;154.0;274.0;274.0;274.0;274.0;274.0;214.0
2;329100.79800627887;3900634.83148182;1;436;436.0;436.0;436.0;436.0;436.0;436.0;436.0;436.0
20;328086.63774618285;3907127.594532238;2;617;308.5;237.0;380.0;380.0;380.0;380.0;380.0;308.5
200;346402.73325427045;3914193.8585227304;0;0;NaN;NaN;NaN;NaN;NaN;NaN;NaN;NaN
201;341875.4076563205;3915197.1942514456;4;746;186.5;115.0;282.0;282.0;282.0;282.0;269.5;174.5
202;343011.1979491372;3915177.2518468373;6;837;139.5;119.0;168.0;168.0;168.0;161.60000000000002;156.0;138.0
203;344146.9857512844;3915157.45304402;4;953;238.25;111.0;483.0;483.0;483.0;483.0;411.0;179.5
204;345282.7710807135;3915137.797840153;0;0;NaN;NaN;NaN;NaN;NaN;NaN;NaN;NaN
205;346418.55395538575;3915118.2862324095;2;357;178.5;175.0;182.0;182.0;182.0;182.0;182.0;178.5
206;347554.33439325314;3915098.918217988;4;812;203.0;147.0;318.0;318.0;318.0;318.0;285.75;173.5
207;348690.1124122748;3915079.693794107;2;538;269.0;269.0;269.0;269.0;269.0;269.0;269.0;269.0
208;349825.8880304128;3915060.6129580047;3;456;152.0;61.0;225.0;225.0;225.0;225.0;225.0;170.0
209;341891.6991768296;3916121.631185779;0;0;NaN;NaN;NaN;NaN;NaN;NaN;NaN;NaN
21;329223.51054070424;3907105.9486396704;0;0;NaN;NaN;NaN;NaN;NaN;NaN;NaN;NaN
210;343027.3725769753;3916101.6867474816;10;995;99.5;60.0;163.0;163.0;160.9;138.0;127.0;96.5
211;344163.0434887741;3916081.8859255854;0;0;NaN;NaN;NaN;NaN;NaN;NaN;NaN;NaN
212;345298.71193016233;3916062.228717244;1;269;269.0;269.0;269.0;269.0;269.0;269.0;269.0;269.0
213;346434.37791908183;3916042.7151196375;3;1373;457.6666666666667;349.0;634.0;634.0;634.0;634.0;634.0;390.0
214;347570.0414734697;3916023.3451299625;0;0;NaN;NaN;NaN;NaN;NaN;NaN;NaN;NaN
215;348705.7026112674;3916004.1187454383;1;168;168.0;168.0;168.0;168.0;168.0;168.0;168.0;168.0
216;349841.3613504199;3915985.035963304;2;352;176.0;113.0;239.0;239.0;239.0;239.0;239.0;176.0
217;341907.99405586714;3917046.0692911106;0;0;NaN;NaN;NaN;NaN;NaN;NaN;NaN;NaN
218;343043.5505392736;3917026.1228208123;2;122;61.0;61.0;61.0;61.0;61.0;61.0;61.0;61.0
219;344179.10453665786;3917006.319981509;6;879;146.5;61.0;202.0;202.0;202.0;200.8;199.75;156.5
22;328104.2993237475;3908052.046666907;0;0;NaN;NaN;NaN;NaN;NaN;NaN;NaN;NaN
220;345314.6560659353;3916986.660770358;1;218;218.0;218.0;218.0;218.0;218.0;218.0;218.0;218.0
221;346450.2051450349;3916967.145184538;6;1895;315.8333333333333;115.0;665.0;665.0;665.0;574.6000000000001;495.5;257.0
222;347585.7517918738;3916947.7732212474;1;270;270.0;270.0;270.0;270.0;270.0;270.0;270.0;270.0
223;348721.29602437915;3916928.5448777042;0;0;NaN;NaN;NaN;NaN;NaN;NaN;NaN;NaN
224;349856.8378604775;3916909.460151149;0;0;NaN;NaN;NaN;NaN;NaN;NaN;NaN;NaN
225;350992.37731808965;3916890.5190388416;0;0;NaN;NaN;NaN;NaN;NaN;NaN;NaN;NaN
226;352127.9144151414;3916871.7215380613;11;2254;204.9090909090909;61.0;371.0;371.0;358.40000000000003;297.6;282.0;255.0
227;343059.7318357028;3917950.560066949;0;0;NaN;NaN;NaN;NaN;NaN;NaN;NaN;NaN
228;344195.1688946037;3917930.755211912;2;562;281.0;141.0;421.0;421.0;421.0;421.0;421.0;281.0
229;345330.60348770686;3917911.093999613;2;644;322.0;316.0;328.0;328.0;328.0;328.0;328.0;322.0
23;329241.0554131134;3908030.398548922;2;278;139.0;103.0;175.0;175.0;175.0;175.0;175.0;139.0
230;346466.0356329193;3917891.576427229;32;4365;136.40625;61.0;564.0;465.8499999999997;294.29999999999995;190.4;177.75;78.5
231;347601.4653481439;3917872.20249196;1;279;279.0;279.0;279.0;279.0;279.0;279.0;279.0;279.0
232;348736.8926512903;3917852.9721910236;0;0;NaN;NaN;NaN;NaN;NaN;NaN;NaN;NaN
233;349872.31756026944;3917833.88552166;1;164;164.0;164.0;164.0;164.0;164.0;164.0;164.0;164.0
234;351007.7400929815;3917814.942481132;0;0;NaN;NaN;NaN;NaN;NaN;NaN;NaN;NaN
235;352143.1602673419;3917796.143066719;1;141;141.0;141.0;141.0;141.0;141.0;141.0;141.0;141.0
236;343075.9164659279;3918874.9984860085;0;0;NaN;NaN;NaN;NaN;NaN;NaN;NaN;NaN
237;344211.23656228505;3918855.191616914;2;312;156.0;156.0;156.0;156.0;156.0;156.0;156.0;156.0
238;345346.5541951485;3918835.5284051266;5;939;187.8;130.0;262.0;262.0;262.0;251.20000000000005;235.0;182.0
239;346481.8693824111;3918816.0088478294;7;1524;217.71428571428572;88.0;543.0;543.0;543.0;387.6000000000001;284.0;137.0
24;326985.3224499571;3908998.293830013;0;0;NaN;NaN;NaN;NaN;NaN;NaN;NaN;NaN
240;347617.182141958;3918796.632942218;1;135;135.0;135.0;135.0;135.0;135.0;135.0;135.0;135.0
241;348752.4924916807;3918777.4006855143;0;0;NaN;NaN;NaN;NaN;NaN;NaN;NaN;NaN
242;349887.80044947495;3918758.312074957;4;651;162.75;111.0;194.0;194.0;194.0;194.0;188.75;173.0
243;351023.1060332258;3918739.367107808;0;0;NaN;NaN;NaN;NaN;NaN;NaN;NaN;NaN
244;352158.4092608279;3918720.56578135;2;243;121.5;87.0;156.0;156.0;156.0;156.0;156.0;121.5
245;343092.1044296189;3919799.438078111;0;0;NaN;NaN;NaN;NaN;NaN;NaN;NaN;NaN
246;344227.30753937137;3919779.6291966313;1;319;319.0;319.0;319.0;319.0;319.0;319.0;319.0;319.0
247;345362.50818793435;3919759.963987021;1;128;128.0;128.0;128.0;128.0;128.0;128.0;128.0;128.0
248;346497.706393186;3919740.4424464586;1;175;175.0;175.0;175.0;175.0;175.0;175.0;175.0;175.0
249;347632.90217299305;3919721.064572143;11;2590;235.45454545454547;61.0;358.0;358.0;348.00000000000006;297.6;282.0;250.0
25;328121.9645519067;3908976.4999503465;9;1627;180.77777777777777;150.0;247.0;247.0;247.0;237.0;223.5;157.0
250;348768.0955452321;3919701.8303612964;9;3013;334.77777777777777;145.0;683.0;683.0;683.0;475.0;464.5;304.0
251;349903.2865277801;3919682.7398111587;4;1370;342.5;172.0;578.0;578.0;578.0;578.0;514.0;310.0
252;351038.47513850644;3919663.792918992;1;115;115.0;115.0;115.0;115.0;115.0;115.0;115.0;115.0
253;352173.6613952893;3919644.989682079;1;287;287.0;287.0;287.0;287.0;287.0;287.0;287.0;287.0
254;353293.71015017113;3918701.908092887;3;859;286.3333333333333;183.0;410.0;410.0;410.0;410.0;410.0;266.0
255;353308.84531600046;3919626.330097723;1;326;326.0;326.0;326.0;326.0;326.0;326.0;326.0;326.0
256;354444.0269185192;3919607.814163246;8;1684;210.5;61.0;469.0;469.0;469.0;317.8;280.0;181.0
257;341973.20715062186;3920743.8334248206;0;0;NaN;NaN;NaN;NaN;NaN;NaN;NaN;NaN
258;343108.2957264446;3920723.8788433746;1;109;109.0;109.0;109.0;109.0;109.0;109.0;109.0;109.0
259;344243.38182553207;3920704.067951186;2;492;246.0;160.0;332.0;332.0;332.0;332.0;332.0;246.0
26;329258.6039120288;3908954.8496087724;7;1822;260.2857142857143;93.0;489.0;489.0;489.0;405.6;350.0;224.0
260;345378.4654657364;3920684.4007454123;3;820;273.3333333333333;198.0;417.0;417.0;417.0;417.0;417.0;205.0
261;346513.5466649188;3920664.877223235;1;260;260.0;260.0;260.0;260.0;260.0;260.0;260.0;260.0
262;347648.6254409277;3920645.497381855;0;0;NaN;NaN;NaN;NaN;NaN;NaN;NaN;NaN
263;348783.7018116234;3920626.261218491;9;3420;380.0;147.0;1062.0;1062.0;1062.0;683.0;611.0;199.0
264;349918.77579486684;3920607.1687303856;97;26997;278.319587628866;5.0;734.0;729.1;660.4000000000002;525.4000000000001;473.0;226.0
265;351053.8474085086;3920588.219914802;1;161;161.0;161.0;161.0;161.0;161.0;161.0;161.0;161.0
266;352188.9166704127;3920569.4147690227;11;3366;306.0;61.0;1099.0;1099.0;972.4000000000004;413.6000000000002;335.0;225.0
267;345394.4260282287;3921608.8386804196;1;166;166.0;166.0;166.0;166.0;166.0;166.0;166.0;166.0
268;346529.39019728435;3921589.313178278;8;1252;156.5;61.0;498.0;498.0;498.0;312.40000000000003;236.0;79.5
269;347664.35194543813;3921569.9313714704;41;10974;267.6585365853658;61.0;907.0;670.0;643.0;524.6;437.5;173.0
27;327003.10808421986;3909922.750498787;0;0;NaN;NaN;NaN;NaN;NaN;NaN;NaN;NaN
270;348799.31129053445;3921550.6932572154;6;1272;212.0;142.0;263.0;263.0;263.0;257.8;253.25;227.0
271;349934.26825041615;3921531.598832758;7;1719;245.57142857142858;116.0;611.0;611.0;611.0;425.60000000000014;302.0;146.0
272;351069.22284291807;3921512.648095358;8;1922;240.25;135.0;509.0;509.0;509.0;330.6;278.0;216.5
273;352204.1750858857;3921493.8410423016;5;1110;222.0;97.0;570.0;570.0;570.0;487.4000000000003;363.5;157.0
274;346545.2369899577;3922513.7503117076;3;668;222.66666666666666;154.0;276.0;276.0;276.0;276.0;276.0;238.0
275;347680.0816862035;3922494.36654111;7;2241;320.1428571428571;86.0;736.0;736.0;736.0;608.8000000000001;524.0;180.0
276;348814.9239816452;3922475.1264775903;7;1701;243.0;135.0;612.0;612.0;612.0;375.0000000000001;217.0;183.0
277;349949.76389411086;3922456.0301183923;2;614;307.0;259.0;355.0;355.0;355.0;355.0;355.0;307.0
278;351084.6014414179;3922437.0774607803;13;3562;274.0;91.0;534.0;534.0;528.0;499.8;455.5;202.0
279;352219.4366413946;3922418.268502036;18;5710;317.22222222222223;61.0;696.0;696.0;638.4000000000001;522.4000000000001;495.0;309.5
28;328139.63343029784;3909900.9543826757;9;2188;243.11111111111111;124.0;551.0;551.0;551.0;469.0;369.0;155.0
280;346561.0870426155;3923438.188623642;7;1206;172.28571428571428;61.0;571.0;571.0;571.0;426.4000000000001;330.0;61.0
281;347695.8146629002;3923418.802890893;2;680;340.0;229.0;451.0;451.0;451.0;451.0;451.0;340.0
282;348830.5398846373;3923399.5608797353;9;2939;326.55555555555554;121.0;591.0;591.0;591.0;500.0;454.0;300.0
283;349965.2627256337;3923380.4625874115;5;1564;312.8;128.0;595.0;595.0;595.0;576.2;548.0;183.0
284;351099.9832036929;3923361.5080111874;68;10366;152.4411764705882;16.0;588.0;552.15;404.1000000000001;269.00000000000006;185.25;61.0
285;352234.7013366269;3923342.6971483463;16;1677;104.8125;61.0;203.0;203.0;177.8;160.20000000000002;148.0;87.5
286;347711.5508752062;3924343.2404209357;1;561;561.0;561.0;561.0;561.0;561.0;561.0;561.0;561.0
287;348846.15899918746;3924323.996463767;17;4652;273.6470588235294;61.0;612.0;612.0;599.2;492.00000000000006;410.5;183.0
288;349980.7647446672;3924304.8962399326;11;2758;250.72727272727272;84.0;653.0;653.0;606.6000000000001;372.20000000000016;299.0;215.0
289;351115.36812942976;3924285.939746698;4;741;185.25;61.0;254.0;254.0;254.0;254.0;250.0;213.0
29;329276.1560370915;3909879.301819344;6;894;149.0;104.0;178.0;178.0;178.0;178.0;178.0;151.5
290;352249.96917127;3924267.126981349;4;752;188.0;143.0;238.0;238.0;238.0;238.0;228.75;185.5
291;348861.78132497746;3925248.433229805;6;724;120.66666666666667;61.0;178.0;178.0;178.0;166.4;156.25;137.5
292;349996.26995089254;3925229.331076074;5;812;162.4;61.0;222.0;222.0;222.0;216.40000000000003;208.0;174.0
293;351130.7562183113;3925210.3726674337;5;874;174.8;110.0;284.0;284.0;284.0;264.20000000000005;234.5;162.0
294;352265.24014501116;3925191.558001167;3;875;291.6666666666667;166.0;543.0;543.0;543.0;543.0;543.0;166.0
295;348877.40686168685;3926172.8711779695;1;121;121.0;121.0;121.0;121.0;121.0;121.0;121.0;121.0
296;350011.77834399213;3926153.767095958;0;0;NaN;NaN;NaN;NaN;NaN;NaN;NaN;NaN
297;351146.14747002174;3926134.8067735108;2;696;348.0;151.0;545.0;545.0;545.0;545.0;545.0;348.0
298;352280.5142575373;3926115.9902079166;2;518;259.0;150.0;368.0;368.0;368.0;368.0;368.0;259.0
299;350027.28992364905;3927078.204299699;3;414;138.0;61.0;196.0;196.0;196.0;196.0;196.0;157.0
3;329118.31748306134;3901559.27334017;1;408;408.0;408.0;408.0;408.0;408.0;408.0;408.0;408.0
30;327020.8973924351;3910847.208314722;4;928;232.0;160.0;323.0;323.0;323.0;323.0;300.75;222.5
300;351161.54188424716;3927059.2420650497;1;190;190.0;190.0;190.0;190.0;190.0;190.0;190.0;190.0
301;352295.79150853364;3927040.4236017177;2;446;223.0;133.0;313.0;313.0;313.0;313.0;313.0;223.0
302;351176.93946066994;3927983.6785421697;1;126;126.0;126.0;126.0;126.0;126.0;126.0;126.0;126.0
303;352311.07189768855;3927964.8581826915;0;0;NaN;NaN;NaN;NaN;NaN;NaN;NaN;NaN
304;351192.34019897575;3928908.116204988;0;0;NaN;NaN;NaN;NaN;NaN;NaN;NaN;NaN
305;352326.35542468756;3928889.2939509554;1;308;308.0;308.0;308.0;308.0;308.0;308.0;308.0;308.0
306;353323.9835984331;3920550.7532903515;3;359;119.66666666666667;69.0;165.0;165.0;165.0;165.0;165.0;125.0
307;354459.0482104306;3920532.235476111;1;179;179.0;179.0;179.0;179.0;179.0;179.0;179.0;179.0
308;355594.1105242701;3920513.861323647;3;183;61.0;61.0;61.0;61.0;61.0;61.0;61.0;61.0
309;353339.1249971574;3921475.177670893;4;591;147.75;116.0;169.0;169.0;169.0;169.0;168.5;153.0
31;328157.30595855915;3910825.4099640087;8;878;109.75;61.0;222.0;222.0;222.0;203.6;187.25;61.0
310;354474.07259457733;3921456.6579784527;8;2070;258.75;108.0;456.0;456.0;456.0;416.8;385.25;256.0
311;355609.0178959925;3921438.2819623305;0;0;NaN;NaN;NaN;NaN;NaN;NaN;NaN;NaN
312;356743.9609192425;3921420.049619889;5;963;192.6;61.0;315.0;315.0;315.0;300.40000000000003;278.5;200.0
313;353354.2695118625;3922399.603239466;9;2437;270.77777777777777;102.0;573.0;573.0;573.0;509.0;402.5;211.0
314;354489.1000706503;3922381.0816703932;4;450;112.5;61.0;267.0;267.0;267.0;267.0;215.5;61.0
315;355623.92833558767;3922362.703792164;4;616;154.0;113.0;174.0;174.0;174.0;174.0;173.5;164.5
316;356758.7543244961;3922344.469602146;4;817;204.25;61.0;416.0;416.0;416.0;416.0;355.25;170.0
317;357893.5780552064;3922326.379097723;13;2784;214.15384615384616;61.0;432.0;432.0;383.19999999999993;270.80000000000007;259.5;247.0
318;353369.41714223917;3923324.029996192;18;3621;201.16666666666666;61.0;612.0;612.0;432.90000000000026;260.80000000000007;245.5;166.5
319;354504.1306383424;3923305.506552052;8;1235;154.375;61.0;276.0;276.0;276.0;234.4;206.0;139.5
32;329293.71178794256;3910803.7551807472;3;550;183.33333333333334;126.0;272.0;272.0;272.0;272.0;272.0;152.0
320;355638.8418427476;3923287.12681327;0;0;NaN;NaN;NaN;NaN;NaN;NaN;NaN;NaN
321;356773.5507732609;3923268.890777214;1;81;81.0;81.0;81.0;81.0;81.0;81.0;81.0;81.0
322;357908.2574476984;3923250.798441272;1;125;125.0;125.0;125.0;125.0;125.0;125.0;125.0;125.0
323;353384.5678879775;3924248.4579411903;17;2095;123.23529411764706;61.0;408.0;408.0;379.2;155.0;144.0;61.0
324;354519.16429734504;3924229.932623547;44;7277;165.38636363636363;1.0;839.0;583.0;489.5;288.0;170.25;61.0
325;355653.7584171679;3924211.551025765;2;711;355.5;146.0;565.0;565.0;565.0;565.0;565.0;355.5
326;356788.35026523663;3924193.313145214;3;275;91.66666666666667;61.0;153.0;153.0;153.0;153.0;153.0;61.0
327;357922.9398593485;3924175.2189792823;1;190;190.0;190.0;190.0;190.0;190.0;190.0;190.0;190.0
328;353399.7217487648;3925172.8870745795;18;4242;235.66666666666669;71.0;645.0;645.0;510.9000000000002;441.2;270.0;172.0
329;354534.20104734926;3925154.3598850006;3;375;125.0;90.0;145.0;145.0;145.0;145.0;145.0;140.0
33;330273.29380631866;3902462.225042094;2;632;316.0;216.0;416.0;416.0;416.0;416.0;416.0;316.0
330;355668.67805854324;3925135.976429773;9;1806;200.66666666666666;118.0;438.0;438.0;438.0;232.0;231.5;196.0
331;356803.1528001187;3925117.736706268;2;290;145.0;116.0;174.0;174.0;174.0;174.0;174.0;145.0
332;357937.6252898578;3925099.640711874;0;0;NaN;NaN;NaN;NaN;NaN;NaN;NaN;NaN
333;353414.8787242917;3926097.317396479;2;346;173.0;152.0;194.0;194.0;194.0;194.0;194.0;173.0
334;354549.2408880476;3926078.78833653;7;1800;257.14285714285717;167.0;448.0;448.0;448.0;342.4000000000001;272.0;238.0
335;355683.6007665667;3926060.4030254125;19;3134;164.94736842105263;61.0;350.0;350.0;317.0;225.0;225.0;155.0
336;356817.9583776035;3926042.161460494;13;2995;230.3846153846154;125.0;536.0;536.0;491.59999999999997;274.6000000000002;227.5;187.0
337;357952.31373892375;3926024.063639168;7;716;102.28571428571429;61.0;148.0;148.0;148.0;148.0;148.0;109.0
338;353430.0388142467;3927021.748907011;4;562;140.5;98.0;182.0;182.0;182.0;182.0;176.0;141.0
339;354564.28381913196;3927003.2179782568;9;1026;114.0;61.0;191.0;191.0;191.0;187.0;168.5;114.0
34;331410.74430050317;3902440.8771646256;5;1481;296.2;177.0;450.0;450.0;450.0;423.6000000000001;384.0;317.0
340;355698.52654093236;3926984.8308127993;15;4346;289.73333333333335;61.0;795.0;795.0;678.0000000000001;448.6;395.0;216.0
341;356832.766997388;3926966.5874080136;15;3647;243.13333333333333;80.0;556.0;556.0;551.8;345.20000000000005;322.0;197.0
342;357967.005206245;3926948.4877612833;4;1027;256.75;105.0;584.0;584.0;584.0;584.0;486.75;169.0
343;353445.20201831986;3927946.1816062913;1;94;94.0;94.0;94.0;94.0;94.0;94.0;94.0;94.0
344;354579.3298402933;3927927.6488102977;10;1628;162.8;61.0;518.0;518.0;494.9000000000001;264.4000000000001;202.25;115.5
345;355713.45538133546;3927909.2597920587;9;2952;328.0;110.0;557.0;557.0;557.0;530.0;513.5;293.0
346;356847.57865916705;3927891.0145489434;10;2435;243.5;134.0;526.0;526.0;504.0000000000001;306.0;306.0;201.5
347;357981.6996915226;3927872.913078341;4;658;164.5;134.0;207.0;207.0;207.0;207.0;197.5;158.5
348;359115.8184961238;3927854.955377661;4;1002;250.5;61.0;552.0;552.0;552.0;552.0;472.25;194.5
349;353460.3683362006;3928870.6154944394;15;2172;144.8;23.0;609.0;609.0;457.80000000000007;288.0000000000001;168.0;61.0
35;332548.19208960683;3902419.6727128085;19;3842;202.21052631578948;61.0;557.0;557.0;431.0;228.0;211.0;179.0
350;354594.37895122264;3928852.0808327743;6;1328;221.33333333333334;171.0;357.0;357.0;357.0;313.4000000000001;275.25;189.0
351;355728.38728746766;3928833.6899633063;7;1782;254.57142857142858;129.0;318.0;318.0;318.0;314.4;312.0;275.0
352;356862.3933626392;3928815.4428834054;3;898;299.3333333333333;119.0;518.0;518.0;518.0;518.0;518.0;261.0
353;357996.3971944524;3928797.3395904587;10;2446;244.6;107.0;469.0;469.0;464.8;411.00000000000006;367.0;212.5
354;359130.3988006147;3928779.38008188;12;2676;223.0;61.0;747.0;747.0;647.1000000000004;336.6;264.75;175.0
355;360264.39819883904;3928761.5643551005;12;1477;123.08333333333333;61.0;220.0;220.0;208.00000000000006;175.2;170.0;131.5
356;351207.7440988468;3929832.5550536253;4;618;154.5;61.0;248.0;248.0;248.0;248.0;248.0;154.5
357;352341.64208921907;3929813.7309066267;0;0;NaN;NaN;NaN;NaN;NaN;NaN;NaN;NaN
358;352356.93189096794;3930738.1690498274;0;0;NaN;NaN;NaN;NaN;NaN;NaN;NaN;NaN
359;352372.22482962074;3931662.608380673;9;2634;292.6666666666667;119.0;444.0;444.0;444.0;376.0;375.0;374.0
36;333685.6371918105;3902398.6116835857;0;0;NaN;NaN;NaN;NaN;NaN;NaN;NaN;NaN
360;353475.537767576;3929795.0505715767;4;1048;262.0;127.0;329.0;329.0;329.0;329.0;325.25;296.0
361;354609.4311516132;3929776.5140458066;2;796;398.0;225.0;571.0;571.0;571.0;571.0;571.0;398.0
362;355743.3222590252;3929758.121326664;23;6009;261.2608695652174;61.0;612.0;594.7999999999997;521.2;484.00000000000006;413.0;190.0
363;356877.21110750013;3929739.872411518;9;2172;241.33333333333331;61.0;409.0;409.0;409.0;409.0;401.0;211.0
364;358011.097714735;3929721.7672977587;13;2413;185.6153846153846;81.0;410.0;410.0;358.79999999999995;265.20000000000005;246.0;148.0
365;359144.9820984215;3929703.805982799;9;2114;234.88888888888889;151.0;355.0;355.0;355.0;315.0;310.0;222.0
366;360278.86427625554;3929685.9884640705;3;778;259.3333333333333;61.0;595.0;595.0;595.0;595.0;595.0;122.0
367;353490.7103121372;3930719.4868378215;6;1415;235.83333333333334;106.0;471.0;471.0;471.0;409.4000000000001;355.5;206.0
368;354624.48644115566;3930700.948449512;2;338;169.0;115.0;223.0;223.0;223.0;223.0;223.0;169.0
369;355758.2602957008;3930682.5538822482;14;2639;188.5;98.0;388.0;388.0;378.5;211.0;203.5;182.0
370;356892.031893445;3930664.3031334006;20;5700;285.0;82.0;590.0;589.75;582.3000000000001;530.2;470.5;218.5
371;358025.8012520689;3930646.1962003596;7;1141;163.0;106.0;198.0;198.0;198.0;190.8;186.0;175.0
372;359159.5683892456;3930628.2330805375;31;3777;121.83870967741935;61.0;453.0;392.9999999999999;251.80000000000007;162.2;157.0;88.0
373;360293.333322655;3930610.4137713653;7;1358;194.0;124.0;411.0;411.0;411.0;288.6000000000001;207.0;165.0
374;353505.885969572;3931643.924293291;9;939;104.33333333333333;60.0;240.0;240.0;240.0;185.0;167.0;61.0
375;354639.54481954133;3931625.3840440093;2;539;269.5;243.0;296.0;296.0;296.0;296.0;296.0;269.5
376;355773.201397188;3931606.987630179;7;1199;171.28571428571428;61.0;345.0;345.0;345.0;282.00000000000006;240.0;146.0
377;356906.85572017054;3931588.735049173;34;8956;263.4117647058823;54.0;641.0;638.0;575.5;486.0;472.75;193.0
378;358040.50780615147;3931570.6262983805;22;6740;306.3636363636364;61.0;701.0;681.9499999999997;567.6999999999999;491.8000000000001;430.5;288.5
379;359174.1576727874;3931552.661375214;21;5111;243.38095238095238;120.0;588.0;565.3999999999996;351.00000000000006;292.40000000000003;270.5;227.0
38;330290.7039586379;3903386.6669803173;0;0;NaN;NaN;NaN;NaN;NaN;NaN;NaN;NaN
380;353521.0647395689;3932568.362938104;5;495;99.0;61.0;170.0;170.0;170.0;160.60000000000002;146.5;80.0
381;354654.60628645966;3932549.820829418;8;1749;218.625;61.0;430.0;430.0;430.0;365.2;338.5;168.5
382;355788.145563182;3932531.422570578;9;1695;188.33333333333334;126.0;269.0;269.0;269.0;261.0;243.5;185.0
383;356921.6825873727;3932513.168158955;11;3313;301.1818181818182;159.0;513.0;513.0;505.8;456.6000000000001;426.0;280.0
384;358055.2173766823;3932495.05759194;23;7890;343.04347826086956;114.0;699.0;692.1999999999999;649.0;537.4;450.0;374.0
385;359188.74994874874;3932477.0908669466;21;6638;316.0952380952381;86.0;705.0;695.3999999999999;598.6;531.2;496.5;230.0
386;353536.2466218177;3933492.8027723813;12;959;79.91666666666667;59.0;189.0;189.0;171.60000000000008;107.60000000000001;84.25;61.0
387;354669.6708416043;3933474.258805858;8;1592;199.0;61.0;389.0;389.0;389.0;346.6;317.75;166.0
388;355803.0927933731;3933455.858703562;5;1009;201.8;123.0;238.0;238.0;238.0;235.8;232.5;223.0
389;356936.51249474933;3933437.6024628654;13;2910;223.84615384615384;61.0;535.0;535.0;508.59999999999997;326.6000000000002;279.0;175.0
39;331428.03787317686;3903365.316897826;0;0;NaN;NaN;NaN;NaN;NaN;NaN;NaN;NaN
390;358069.92996336025;3933419.49008116;45;6708;149.0666666666667;18.0;641.0;552.6999999999999;420.9999999999998;237.80000000000018;142.0;70.0
391;359203.34521682974;3933401.5215558587;7;1584;226.28571428571428;94.0;370.0;370.0;370.0;353.2;342.0;189.0
392;363736.9844318721;3933331.0859676776;12;1497;124.75;60.0;431.0;431.0;367.4000000000002;197.4;181.5;61.0
393;354684.73848466534;3934398.6979734465;2;278;139.0;110.0;168.0;168.0;168.0;168.0;168.0;139.0
394;355818.04308745946;3934380.2960292497;3;825;275.0;70.0;591.0;591.0;591.0;591.0;591.0;164.0
395;356951.3454419936;3934362.037961022;8;2446;305.75;61.0;595.0;595.0;595.0;595.0;587.5;206.5
396;358084.6455658822;3934343.9237661567;7;1738;248.28571428571428;144.0;336.0;336.0;336.0;336.0;336.0;254.0
397;363751.1133419714;3934255.5108024487;0;0;NaN;NaN;NaN;NaN;NaN;NaN;NaN;NaN
398;354699.80921533366;3935323.1383323018;10;2348;234.8;78.0;425.0;425.0;419.70000000000005;366.20000000000005;350.25;286.0
399;355832.99644513096;3935304.73454776;3;814;271.3333333333333;103.0;591.0;591.0;591.0;591.0;591.0;120.0
4;330221.0849781762;3899688.90613721;0;0;NaN;NaN;NaN;NaN;NaN;NaN;NaN;NaN
40;332565.36908512906;3903344.110255759;35;5759;164.54285714285712;48.0;701.0;454.59999999999866;319.79999999999984;230.20000000000002;214.0;142.0
400;356966.1814288033;3935286.4746535458;15;2479;165.26666666666668;61.0;546.0;546.0;397.2000000000001;233.20000000000005;186.0;130.0
401;363765.2451475037;3935179.936840589;4;1119;279.75;164.0;496.0;496.0;496.0;496.0;445.75;229.5
402;355847.9528660825;3936229.1742592123;4;1050;262.5;106.0;477.0;477.0;477.0;477.0;440.0;233.5
403;362646.3253541959;3936121.7624268546;32;8277;258.65625;61.0;831.0;596.3499999999992;438.8;423.40000000000003;372.25;206.5
404;363779.37984817795;3936104.3640822195;4;1100;275.0;199.0;342.0;342.0;342.0;342.0;337.25;279.5
405;355862.9123500068;3937153.615163726;7;557;79.57142857142857;60.0;192.0;192.0;192.0;113.40000000000005;61.0;61.0
406;362660.58035616565;3937046.192608984;3;716;238.66666666666666;225.0;254.0;254.0;254.0;254.0;254.0;237.0
407;362674.8382767146;3937970.6239933693;5;1180;236.0;203.0;297.0;297.0;297.0;287.6;273.5;221.0
408;364898.4149009459;3935162.6841068277;5;917;183.4;61.0;321.0;321.0;321.0;292.60000000000014;250.0;178.0
409;364912.43222121394;3936087.109624445;0;0;NaN;NaN;NaN;NaN;NaN;NaN;NaN;NaN
41;333702.69761265744;3903323.047051061;8;1532;191.5;150.0;324.0;324.0;324.0;220.8;194.5;178.5
410;366045.48249088635;3936069.9990510712;4;1170;292.5;231.0;450.0;450.0;450.0;450.0;398.75;244.5
411;364926.4524123173;3937011.536347132;5;1229;245.8;162.0;326.0;326.0;326.0;323.2;319.0;255.0
412;366059.38527956506;3936994.4240655415;1;155;155.0;155.0;155.0;155.0;155.0;155.0;155.0;155.0
413;367192.3160630153;3936977.4556802446;2;189;94.5;61.0;128.0;128.0;128.0;128.0;128.0;94.5
414;364940.4754739685;3937935.9642750057;22;4885;222.04545454545453;105.0;438.0;432.5999999999999;392.7;310.40000000000015;268.0;208.0
415;366073.2909147763;3937918.8502866453;6;935;155.83333333333334;61.0;391.0;391.0;391.0;308.60000000000014;236.5;118.5
416;367206.10427377064;3937901.880208905;0;0;NaN;NaN;NaN;NaN;NaN;NaN;NaN;NaN
417;368338.9155684966;3937885.0540393637;3;183;61.0;61.0;61.0;61.0;61.0;61.0;61.0;61.0
418;363821.80131816264;3938877.653029243;11;3291;299.1818181818182;145.0;473.0;473.0;470.6;447.80000000000007;428.0;253.0
419;362703.36287237937;3939819.490369394;5;1641;328.2;146.0;558.0;558.0;558.0;519.4000000000001;461.5;336.0
42;334840.02347393375;3903302.127280692;1;117;117.0;117.0;117.0;117.0;117.0;117.0;117.0;117.0
420;363835.94759651134;3939802.0850860267;17;2768;162.8235294117647;60.0;507.0;507.0;504.6;353.6;242.0;86.0
421;362717.6295469106;3940743.9253612715;12;3962;330.1666666666667;148.0;688.0;688.0;668.5000000000001;532.4000000000001;435.75;293.5
422;363850.09676855424;3940726.518346898;6;1108;184.66666666666669;74.0;470.0;470.0;470.0;372.8000000000001;287.75;125.0
423;360467.1933521089;3941703.6109717367;1;334;334.0;334.0;334.0;334.0;334.0;334.0;334.0;334.0
424;361599.54731738043;3941685.9142749696;12;2954;246.16666666666666;96.0;405.0;405.0;388.50000000000006;341.0;325.25;242.0
425;361613.93737896683;3942610.3534147604;9;1040;115.55555555555556;21.0;264.0;264.0;264.0;234.0;186.5;61.0
426;364954.50140588026;3938860.3934081867;6;1307;217.83333333333334;115.0;291.0;291.0;291.0;291.0;291.0;205.5
427;366087.1993962363;3938843.2777145016;4;1066;266.5;160.0;474.0;474.0;474.0;474.0;417.5;216.0
428;367219.89530676155;3938826.3059457517;4;717;179.25;156.0;225.0;225.0;225.0;225.0;210.75;168.0
429;368352.5891549845;3938809.4780995133;0;0;NaN;NaN;NaN;NaN;NaN;NaN;NaN;NaN
430;369485.2809584395;3938792.794173389;5;766;153.2;61.0;186.0;186.0;186.0;185.0;183.5;173.0
431;370617.9707346518;3938776.254164999;7;755;107.85714285714286;61.0;179.0;179.0;179.0;161.0;149.0;94.0
432;371750.6585011576;3938759.8580719843;26;4805;184.80769230769232;61.0;561.0;480.14999999999964;301.3;254.00000000000006;229.25;173.0
433;364968.5302077668;3939784.8237467925;9;1955;217.22222222222223;61.0;353.0;353.0;353.0;256.0;249.0;229.0
434;366101.1107236584;3939767.7063492322;4;1394;348.5;138.0;826.0;826.0;826.0;826.0;680.25;215.0
435;367233.6891617042;3939750.7328909067;7;1203;171.85714285714286;123.0;233.0;233.0;233.0;227.6;224.0;170.0
436;368366.26553941355;3939733.903369394;9;1979;219.88888888888889;117.0;462.0;462.0;462.0;261.0;244.0;218.0
437;369498.83987430495;3939717.2177822976;5;811;162.2;90.0;216.0;216.0;216.0;210.8;203.0;164.0
438;370631.41218388715;3939700.6761272373;2;836;418.0;418.0;418.0;418.0;418.0;418.0;418.0;418.0
439;371763.98248567915;3939684.2784018563;1;279;279.0;279.0;279.0;279.0;279.0;279.0;279.0;279.0
44;330308.1177151626;3904311.1100703683;5;1443;288.6;137.0;590.0;590.0;590.0;539.4000000000002;463.5;227.0
440;372896.5507972;3939668.024603817;5;1142;228.4;153.0;482.0;482.0;482.0;425.4000000000002;340.5;154.0
441;364982.561879338;3940709.2552909446;28;4466;159.5;61.0;569.0;546.0499999999998;453.2000000000001;216.8000000000004;182.0;90.5
442;366115.02489675797;3940692.136190954;6;855;142.5;95.0;214.0;214.0;214.0;197.20000000000002;182.5;139.5
443;367247.48583831545;3940675.161044488;4;1485;371.25;241.0;645.0;645.0;645.0;645.0;561.25;299.5
444;368379.94472150324;3940658.329849125;32;8728;272.75;61.0;777.0;732.1499999999999;564.6999999999999;359.80000000000007;306.25;254.5
445;369512.40156382194;3940641.642602466;4;1427;356.75;127.0;604.0;604.0;604.0;604.0;565.25;348.0
446;370644.8563827647;3940625.0993021345;6;1061;176.83333333333334;97.0;352.0;352.0;352.0;304.00000000000006;262.0;134.5
447;371777.30919583427;3940608.699945771;11;2344;213.0909090909091;128.0;509.0;509.0;455.20000000000016;238.0;235.0;206.0
448;372909.7600205323;3940592.444531042;3;183;61.0;61.0;61.0;61.0;61.0;61.0;61.0;61.0
449;374042.20887435286;3940576.3330556275;17;2972;174.8235294117647;61.0;661.0;661.0;418.5999999999998;250.4;224.0;145.0
45;331445.33502595645;3904289.7577846604;11;2729;248.0909090909091;138.0;608.0;608.0;557.0000000000002;348.6;342.0;172.0
450;364996.5964203065;3941633.688040761;5;1345;269.0;61.0;574.0;574.0;574.0;539.8000000000002;488.5;198.0
451;366128.94191525027;3941616.567239789;12;2059;171.58333333333334;61.0;428.0;428.0;404.9000000000001;300.6;259.75;139.0
452;367261.2853363138;3941599.5904066158;9;2243;249.22222222222223;127.0;661.0;661.0;661.0;263.0;261.0;199.0
453;368393.6267009732;3941582.757538824;32;6953;217.28125;61.0;491.0;481.9;455.0;377.80000000000024;319.75;185.0
454;369525.96602671343;3941566.068634013;26;5931;228.1153846153846;61.0;716.0;696.05;458.1000000000002;325.6;306.25;188.0
455;370658.30333101074;3941549.5236898083;3;317;105.66666666666667;61.0;140.0;140.0;140.0;140.0;140.0;116.0
456;371790.638631351;3941533.122703851;15;3793;252.86666666666667;61.0;636.0;636.0;526.2;430.4000000000001;344.0;206.0
457;372922.97194521833;3941516.865673805;9;2175;241.66666666666666;153.0;556.0;556.0;556.0;329.0;280.5;187.0
458;374055.303290092;3941500.7525973534;0;0;NaN;NaN;NaN;NaN;NaN;NaN;NaN;NaN
459;375187.6326834583;3941484.783472202;18;1695;94.16666666666667;60.0;487.0;487.0;165.7000000000005;87.60000000000002;81.75;61.0
46;332582.5496366579;3904268.548954137;9;2353;261.44444444444446;104.0;686.0;686.0;686.0;399.0;384.0;193.0
460;365010.63383038633;3942558.1219963618;18;4299;238.83333333333331;103.0;427.0;427.0;408.1;339.40000000000003;333.0;239.0
461;366142.8617788495;3942540.9994958523;12;2696;224.66666666666669;61.0;588.0;588.0;527.7000000000003;355.20000000000005;328.0;179.0
462;367275.08765541506;3942524.0209774086;16;3586;224.125;87.0;527.0;527.0;506.70000000000005;365.4000000000002;278.75;179.0
463;368407.31147754344;3942507.1864386103;21;3780;180.0;61.0;453.0;452.7;417.4000000000001;249.6;229.5;163.0
464;369539.5332627009;3942490.4958770582;14;2843;203.07142857142858;61.0;378.0;378.0;354.0;299.0;298.25;231.5
465;370671.7530283492;3942473.949290379;61;7028;115.21311475409837;2.0;600.0;349.7;249.60000000000016;160.6;149.5;61.0
466;371803.97079195513;3942457.546676214;10;1848;184.8;61.0;293.0;293.0;292.3;276.00000000000006;248.5;202.5
467;366156.784487271;3943465.432959267;13;3887;299.0;61.0;550.0;550.0;536.8;460.2000000000001;390.0;267.0
468;367288.8927953373;3943448.452756987;9;1705;189.44444444444446;61.0;272.0;272.0;272.0;263.0;248.0;204.0
469;368420.9990509323;3943431.616548605;11;1765;160.45454545454547;61.0;384.0;384.0;371.6;262.0000000000002;172.0;145.0
47;333719.7615654113;3904247.4835757413;7;1989;284.14285714285717;119.0;577.0;577.0;577.0;511.00000000000006;467.0;195.0
470;369553.10327150667;3943414.9243317223;8;1923;240.375;140.0;481.0;481.0;481.0;443.40000000000003;376.75;183.0
471;367302.7007557965;3944372.88574547;37;8870;239.72972972972974;61.0;562.0;526.9000000000001;455.00000000000006;365.2;327.5;247.0
472;368434.6894208607;3944356.047868928;22;5086;231.1818181818182;41.0;600.0;591.4499999999998;518.0999999999999;324.0;313.25;182.5
473;361427.09606997785;3930592.7382702962;11;2022;183.8181818181818;61.0;409.0;409.0;380.80000000000007;260.8;250.0;220.0
474;360307.80533774203;3931534.8402771046;5;1946;389.2;87.0;605.0;605.0;605.0;590.0;567.5;436.0
475;361441.450818677;3931517.163001507;11;1852;168.36363636363637;95.0;259.0;259.0;249.60000000000002;208.8;204.0;176.0
476;362575.0941332503;3931499.6295458963;9;2270;252.22222222222223;61.0;377.0;377.0;377.0;317.0;304.0;255.0
477;360322.28032121866;3932459.2679814086;7;1536;219.42857142857142;61.0;509.0;509.0;509.0;467.6;440.0;137.0
478;361455.808511736;3932441.588932777;4;800;200.0;130.0;393.0;393.0;393.0;393.0;329.75;138.5
479;362589.3345379454;3932424.053718528;3;292;97.33333333333333;61.0;132.0;132.0;132.0;132.0;132.0;99.0
48;334856.97083037155;3904226.5616464387;5;713;142.6;61.0;219.0;219.0;219.0;207.60000000000002;190.5;160.0
480;360336.7582727872;3933383.6968843956;18;5434;301.8888888888889;107.0;695.0;695.0;636.5000000000001;542.0000000000001;521.25;163.0
481;361470.1691488621;3933366.0160642248;26;4962;190.84615384615384;35.0;565.0;540.4999999999999;474.70000000000005;364.20000000000005;325.5;72.5
482;362603.57786267914;3933348.4790928196;2;302;151.0;122.0;180.0;180.0;180.0;180.0;180.0;151.0
483;359217.94347673096;3934325.9534420664;65;8724;134.2153846153846;29.0;865.0;487.3999999999998;329.99999999999983;180.0000000000001;114.0;61.0
484;360351.23919215286;3934308.126986186;8;1791;223.875;61.0;565.0;565.0;565.0;489.0;397.75;152.0
485;361484.5327297598;3934290.444395969;16;4161;260.0625;132.0;571.0;571.0;548.6;487.0;473.5;157.0
486;362617.82410716027;3934272.9056688915;1;596;596.0;596.0;596.0;596.0;596.0;596.0;596.0;596.0
487;358099.3641839481;3935268.3586470517;8;1801;225.125;122.0;329.0;329.0;329.0;311.4;297.0;220.5
488;359232.5447281543;3935250.386525691;14;4050;289.2857142857143;95.0;814.0;814.0;715.0;437.0;403.25;218.0
489;360365.7230790181;3935232.5582868997;7;1727;246.71428571428572;120.0;498.0;498.0;498.0;378.00000000000006;298.0;223.0
49;335994.1774496886;3904205.783163216;3;989;329.6666666666667;142.0;555.0;555.0;555.0;555.0;555.0;292.0
490;361498.8992541358;3935214.873928131;20;5971;298.55;61.0;559.0;558.4;542.1000000000001;482.6;434.25;288.0
491;362632.07327109727;3935197.333446863;25;6774;270.96;71.0;566.0;561.8;511.8000000000001;431.20000000000005;398.5;199.0
492;356981.02045487316;3936210.912540554;33;4032;122.18181818181816;60.0;733.0;627.2999999999996;310.2000000000003;124.60000000000008;104.5;61.0
493;358114.0858172551;3936192.794723961;7;1664;237.71428571428572;79.0;498.0;498.0;498.0;426.00000000000006;378.0;175.0
494;359247.1489707998;3936174.820806851;8;2297;287.125;139.0;579.0;579.0;579.0;450.20000000000005;406.5;241.5
495;360380.2099330862;3936156.990786655;53;4900;92.45283018867926;4.0;395.0;302.4999999999998;205.20000000000005;98.80000000000004;67.5;61.0
496;361513.2687216936;3936139.304660831;18;5237;290.94444444444446;77.0;696.0;696.0;610.5000000000001;501.80000000000007;424.75;241.0
497;356995.8625199004;3937135.351622167;4;525;131.25;124.0;142.0;142.0;142.0;142.0;139.25;129.5
498;358128.81046550086;3937117.231997009;12;3176;264.6666666666667;128.0;711.0;711.0;624.3000000000003;383.6;356.5;181.5
499;359261.75620436715;3937099.2562856646;8;2140;267.5;61.0;578.0;578.0;578.0;384.40000000000003;332.5;249.5
5;331358.8850666711;3899667.564885632;0;0;NaN;NaN;NaN;NaN;NaN;NaN;NaN;NaN
50;330325.5350755367;3905235.5543123675;1;343;343.0;343.0;343.0;343.0;343.0;343.0;343.0;343.0
500;360394.6997540594;3937081.4244855717;11;3179;289.0;109.0;503.0;503.0;495.6;440.80000000000007;403.0;324.0
501;361527.64113213954;3937063.736594186;9;2532;281.3333333333333;162.0;341.0;341.0;341.0;328.0;322.5;290.0
502;363793.51744370605;3937028.7925274586;1;386;386.0;386.0;386.0;386.0;386.0;386.0;386.0;386.0
503;357010.70762357925;3938059.791898501;5;716;143.2;61.0;182.0;182.0;182.0;181.0;179.5;162.0
504;358143.53812838596;3938041.670466308;27;7159;265.14814814814815;108.0;562.0;552.4;522.8;440.20000000000016;377.0;214.0
505;359276.36642855837;3938023.6929622516;6;1444;240.66666666666666;61.0;363.0;363.0;363.0;363.0;363.0;243.0
506;360409.1925416408;3938005.8593837693;10;2664;266.4;92.0;518.0;518.0;505.40000000000003;388.6;379.25;257.0
507;361542.01648517913;3937988.1697283154;8;1965;245.625;163.0;426.0;426.0;426.0;341.20000000000005;315.75;197.0
508;363807.65793379693;3937953.2221764266;5;1089;217.8;168.0;292.0;292.0;292.0;288.8;284.0;178.0
509;358158.2688056061;3938966.1101319795;14;4580;327.14285714285717;120.0;533.0;533.0;513.0;462.0;457.5;304.0
51;331462.63575848873;3905214.1998252464;5;1732;346.4;135.0;570.0;570.0;570.0;568.6;566.5;284.0
510;359290.9796430732;3938948.130836731;16;3534;220.875;115.0;365.0;365.0;324.40000000000003;294.2;286.25;234.0
511;360423.68829553435;3938930.295481366;4;1454;363.5;191.0;585.0;585.0;585.0;585.0;547.5;339.0
512;361556.39478051796;3938912.6040633395;9;2445;271.6666666666667;100.0;701.0;701.0;701.0;536.0;428.0;231.0
513;362689.0991155498;3938895.0565801333;30;4434;147.8;60.0;563.0;544.85;495.9000000000002;206.4;171.0;61.0
514;358173.002496859;3939890.550994142;1;401;401.0;401.0;401.0;401.0;401.0;401.0;401.0;401.0
515;359305.5958476105;3939872.569909219;1;306;306.0;306.0;306.0;306.0;306.0;306.0;306.0;306.0
516;360438.1870154408;3939854.7327784793;10;2801;280.1;61.0;570.0;570.0;563.0;488.6;457.25;251.5
517;361570.77601786086;3939837.0395993786;15;4522;301.46666666666664;95.0;642.0;642.0;613.2;512.4000000000001;446.0;252.0
518;359320.21504187275;3940797.0101798386;0;0;NaN;NaN;NaN;NaN;NaN;NaN;NaN;NaN
519;360452.68870106403;3940779.17127523;7;2093;299.0;61.0;511.0;511.0;511.0;487.6;472.0;279.0
52;332599.733743841;3905192.9888080573;6;1254;209.0;61.0;479.0;479.0;479.0;399.0000000000001;329.0;151.5
520;361585.16019691393;3940761.476336548;39;12414;318.30769230769226;108.0;758.0;594.0;584.0;427.0;409.0;295.0
521;359334.83722556167;3941721.451648705;7;1067;152.42857142857142;61.0;257.0;257.0;257.0;243.8;235.0;179.0
522;362731.8991388502;3941668.3615558813;37;11371;307.3243243243243;97.0;761.0;682.7000000000002;630.4000000000001;484.60000000000025;381.5;248.0
523;363864.2488340006;3941650.952811972;1;196;196.0;196.0;196.0;196.0;196.0;196.0;196.0;196.0
524;360481.70096827555;3942628.051868117;8;1569;196.125;46.0;353.0;353.0;353.0;333.8;329.0;195.0
525;362746.1716479069;3942592.7989533455;2;852;426.0;226.0;626.0;626.0;626.0;626.0;626.0;426.0
526;363878.4037925608;3942575.388481372;5;1667;333.4;61.0;479.0;479.0;479.0;472.8;463.5;415.0
527;361628.33038137807;3943534.7937560393;1;712;712.0;712.0;712.0;712.0;712.0;712.0;712.0;712.0
528;362760.4470737874;3943517.2375537823;6;1385;230.83333333333334;174.0;278.0;278.0;278.0;275.2;272.75;228.0
529;363892.5616439442;3943499.8253552173;3;487;162.33333333333334;61.0;365.0;365.0;365.0;365.0;365.0;61.0
53;333736.82904972177;3905171.921257748;7;1879;268.42857142857144;66.0;624.0;624.0;624.0;588.0;564.0;175.0
530;362774.7254161995;3944441.677357309;2;496;248.0;247.0;249.0;249.0;249.0;249.0;249.0;248.0
531;363906.72238786175;3944424.263433624;2;250;125.0;123.0;127.0;127.0;127.0;127.0;127.0;125.0
532;363920.88602402044;3945348.702716712;12;1051;87.58333333333333;61.0;192.0;192.0;170.10000000000008;114.2;106.75;74.5
533;372936.186570988;3942441.288032225;4;1270;317.5;189.0;432.0;432.0;432.0;432.0;423.0;324.5
534;374068.40038290905;3942425.1733561;2;824;412.0;338.0;486.0;486.0;486.0;486.0;486.0;412.0
535;375200.61224518955;3942409.202645542;8;2055;256.875;91.0;574.0;574.0;574.0;446.0;366.75;211.5
536;365024.67410928896;3943482.5571578643;2;501;250.5;211.0;290.0;290.0;290.0;290.0;290.0;250.5
537;370685.2054745027;3943398.376103967;3;324;108.0;61.0;149.0;149.0;149.0;149.0;149.0;114.0
538;371817.30567737407;3943381.9718629797;4;957;239.25;129.0;401.0;401.0;401.0;401.0;366.5;213.5
539;372949.40389757085;3943365.711606424;11;2080;189.0909090909091;61.0;436.0;436.0;407.80000000000007;281.00000000000006;260.0;146.0
54;334873.92169426935;3905150.997171281;21;3021;143.85714285714286;61.0;547.0;531.1999999999998;372.20000000000005;272.80000000000007;199.0;61.0
540;374081.5001525376;3943349.595331985;9;2620;291.1111111111111;73.0;816.0;816.0;816.0;541.0;419.5;189.0
541;375213.59445973096;3943333.623037368;15;3769;251.26666666666668;133.0;691.0;691.0;533.2;324.80000000000007;244.0;204.0
542;365038.7172567269;3944406.99352539;10;1626;162.6;61.0;266.0;266.0;260.0;202.20000000000002;191.75;168.0
543;366170.71004022745;3944389.867630151;15;3134;208.93333333333334;66.0;519.0;519.0;463.20000000000005;312.20000000000005;241.0;166.0
544;369566.67605285265;3944339.353998128;12;3320;276.6666666666667;174.0;563.0;563.0;542.6;388.80000000000007;314.25;225.5
545;370698.6606691982;3944322.8041306925;18;3537;196.5;61.0;412.0;412.0;396.70000000000005;329.6;295.75;178.0
546;371830.64328733465;3944306.3982642684;46;12275;266.8478260869565;61.0;981.0;841.9499999999996;577.6000000000001;442.80000000000007;364.5;164.5
547;372962.62392469606;3944290.136396519;8;1758;219.75;144.0;416.0;416.0;416.0;327.20000000000005;280.5;190.0
548;374094.60259871004;3944274.0185251287;20;5347;267.35;85.0;752.0;741.1999999999998;533.6;457.2000000000001;322.25;222.5
549;375226.5793268141;3944258.0446478054;11;3568;324.3636363636364;116.0;575.0;575.0;569.4;524.6000000000001;491.0;316.0
55;336011.0116956148;3905130.2165456405;1;507;507.0;507.0;507.0;507.0;507.0;507.0;507.0;507.0
550;365052.7632724111;3945331.431099058;11;2036;185.0909090909091;78.0;266.0;266.0;266.0;263.6;260.0;178.0
551;366184.63843743573;3945314.3035086254;14;2236;159.71428571428572;61.0;363.0;363.0;347.5;258.0;191.25;132.0
552;367316.51153651136;3945297.3199429773;5;1390;278.0;88.0;525.0;525.0;525.0;521.8;517.0;151.0
553;368448.3825870468;3945280.480399697;13;2568;197.53846153846155;61.0;486.0;486.0;475.2;251.00000000000028;197.0;165.0
554;369580.25160645996;3945263.7848763885;30;7474;249.13333333333333;61.0;602.0;538.7499999999999;442.6;326.2;312.25;212.5
555;370712.1186121593;3945247.233370675;20;5462;273.1;61.0;783.0;770.6499999999999;534.0;474.80000000000007;401.75;206.5
556;371843.9836215641;3945230.8258802006;18;5964;331.3333333333333;61.0;760.0;760.0;697.9000000000001;500.2;487.75;308.0
557;372975.8466520931;3945214.5624026316;16;3461;216.3125;61.0;536.0;536.0;522.7;398.8000000000003;274.5;154.5
558;374107.70772115496;3945198.4429356535;14;3133;223.78571428571428;61.0;608.0;608.0;594.0;563.0;369.5;119.5
559;375239.5668461737;3945182.467476972;26;5313;204.34615384615387;98.0;525.0;493.14999999999986;392.00000000000006;262.6;247.0;164.0
56;330342.9560394041;3906159.999706428;2;437;218.5;168.0;269.0;269.0;269.0;269.0;269.0;218.5
560;366198.5696786098;3946238.7405948057;4;740;185.0;144.0;221.0;221.0;221.0;221.0;218.5;187.5
561;367330.32513719733;3946221.7553496277;2;226;113.0;61.0;165.0;165.0;165.0;165.0;165.0;113.0
562;368462.07854921167;3946204.9141410333;28;6317;225.60714285714283;40.0;506.0;474.4999999999998;431.5;411.0;371.5;182.5
563;369593.8299320507;3946188.2169666276;40;9875;246.875;61.0;668.0;604.9999999999999;527.4;320.60000000000025;275.0;192.5
564;370725.5793031087;3946171.663824033;23;5757;250.30434782608694;113.0;603.0;588.9999999999998;505.4000000000001;380.0;316.0;183.0
565;371857.326679788;3946155.2547108973;8;2128;266.0;126.0;558.0;558.0;558.0;346.80000000000007;292.25;258.0
566;372989.0720794887;3946138.989624883;13;3318;255.23076923076923;126.0;522.0;522.0;479.99999999999994;315.40000000000015;283.0;250.0
567;374120.81551960617;3946122.868563679;10;2295;229.5;107.0;500.0;500.0;490.6;392.00000000000006;353.5;176.0
568;375252.5570175438;3946106.891524988;22;4336;197.0909090909091;61.0;525.0;510.1499999999998;389.0999999999999;281.8;252.0;169.5
569;368475.7773070728;3947129.3490930535;7;1366;195.14285714285714;61.0;440.0;440.0;440.0;367.40000000000003;319.0;145.0
57;331479.94007041847;3906138.6430196995;11;996;90.54545454545455;17.0;291.0;291.0;265.80000000000007;145.80000000000007;117.0;61.0
570;369607.4110293467;3947112.6502689617;2;359;179.5;162.0;197.0;197.0;197.0;197.0;197.0;179.5
571;370739.0427417721;3947096.095490887;17;4066;239.1764705882353;61.0;581.0;581.0;495.3999999999999;451.0;438.0;153.0
572;371870.6724617336;3947079.684756474;34;7289;214.38235294117646;61.0;668.0;611.0;462.5;284.0;233.0;175.0
573;373002.3002066146;3947063.4180633905;15;3713;247.53333333333333;89.0;440.0;440.0;438.2;406.40000000000003;368.0;184.0
574;374133.92599379394;3947047.2954093213;20;5227;261.35;84.0;644.0;640.6999999999999;569.0000000000002;458.4000000000001;325.25;195.5
575;375265.54984066024;3947031.3167919735;28;8063;287.9642857142857;67.0;684.0;624.5999999999997;538.5;489.6000000000001;429.75;239.0
576;376332.8221752939;3942393.375898273;7;1741;248.71428571428572;113.0;541.0;541.0;541.0;398.2000000000001;303.0;218.0
577;377465.0301906915;3942377.6931120455;16;3384;211.5;61.0;608.0;608.0;422.50000000000017;303.8000000000001;249.25;212.5
578;378597.2363088519;3942362.1542846235;9;2080;231.11111111111111;61.0;426.0;426.0;426.0;354.0;344.0;204.0
579;376345.6868365946;3943317.7947202986;30;7914;263.8;61.0;656.0;617.5;580.7;524.8000000000001;484.0;158.0
58;332616.9214063263;3906117.4298176407;6;1432;238.66666666666666;85.0;431.0;431.0;431.0;373.00000000000006;322.25;224.0
580;377477.77730058436;3943302.1103785248;10;2007;200.7;91.0;497.0;497.0;482.6;320.4000000000001;230.75;150.0
581;378609.8658691524;3943286.570009813;7;1416;202.2857142857143;61.0;516.0;516.0;516.0;480.6;457.0;91.0
582;379741.9525597457;3943271.1736119483;3;584;194.66666666666666;187.0;207.0;207.0;207.0;207.0;207.0;190.0
583;380874.0373898228;3943255.92118274;31;6388;206.06451612903226;61.0;511.0;435.3999999999998;354.6;282.20000000000005;269.0;200.0
584;376358.5541264388;3944242.2147622723;18;4939;274.3888888888889;130.0;586.0;586.0;536.5000000000001;402.6000000000001;381.5;204.0
585;377490.52701502;3944226.528866278;46;11075;240.7608695652174;61.0;579.0;559.5;530.5000000000001;456.0;345.25;165.0
586;378622.4980099954;3944210.9869575896;23;6005;261.0869565217391;61.0;591.0;582.3999999999999;541.2;451.8000000000001;419.0;193.0
587;379754.4671287943;3944195.589033995;7;1777;253.85714285714286;92.0;603.0;603.0;603.0;484.80000000000007;406.0;186.0
588;380886.43438885926;3944180.3350933017;3;612;204.0;159.0;248.0;248.0;248.0;248.0;248.0;205.0
589;382018.3998076204;3944165.2251333385;11;2201;200.0909090909091;117.0;594.0;594.0;524.8000000000002;222.4000000000001;184.0;155.0
59;333753.90006523894;3906096.360097198;7;1225;175.0;87.0;261.0;261.0;261.0;226.8;204.0;174.0
590;383150.363402518;3944150.2591519533;27;5169;191.44444444444446;60.0;529.0;506.1999999999999;450.4;288.8;276.0;134.0
591;376371.42404456116;3945166.6360243135;34;11723;344.79411764705884;83.0;662.0;644.75;580.0;496.0;473.5;296.0
592;377503.2793337379;3945150.9485754236;31;7635;246.29032258064518;35.0;786.0;673.1999999999997;543.4000000000001;435.40000000000003;360.0;157.0
593;378635.1327311219;3945135.4051280743;31;8471;273.258064516129;61.0;972.0;770.3999999999995;526.8000000000001;393.6;370.0;219.0
594;379766.98425412964;3945120.0056800493;86;25348;294.74418604651163;61.0;838.0;640.1499999999995;582.0;503.40000000000003;469.0;264.0
595;380898.83392018377;3945104.7502291584;19;4175;219.73684210526315;61.0;544.0;544.0;419.0;390.0;348.0;181.0
596;382030.6817466997;3945089.638773232;50;15860;317.2;51.0;975.0;825.4499999999997;768.9;630.6;590.25;159.5
597;383162.5277510994;3945074.671310119;20;5522;276.1;61.0;804.0;793.3499999999999;589.7;531.6000000000001;399.75;217.5
598;384294.37195080635;3945059.847837687;28;6586;235.21428571428572;75.0;599.0;580.9999999999999;406.0000000000002;276.6;265.5;218.5
599;376384.2965907004;3946091.0585065405;47;9723;206.87234042553192;23.0;603.0;590.3999999999999;521.2;325.8000000000003;280.0;143.0
6;330238.4843157311;3900613.344620658;0;0;NaN;NaN;NaN;NaN;NaN;NaN;NaN;NaN
60;334890.87606527656;3906075.433855333;7;1439;205.57142857142858;61.0;443.0;443.0;443.0;309.20000000000005;220.0;189.0
600;377516.03425647615;3946075.369506084;19;4290;225.78947368421052;61.0;435.0;435.0;411.0;367.0;366.0;164.0
601;378647.7700322745;3946059.8245213847;30;8432;281.06666666666666;67.0;612.0;580.65;547.5;493.0;481.75;212.0
602;379779.50393549487;3946044.4235502323;51;17147;336.2156862745098;88.0;909.0;753.5999999999998;645.8000000000001;500.6;497.0;296.0
603;380911.2359835434;3946029.166590435;66;22689;343.77272727272725;61.0;1019.0;879.6999999999999;603.9000000000001;529.6;479.75;317.0
604;382042.9661938173;3946014.0536398217;20;6754;337.7;61.0;1185.0;1171.6999999999998;899.6000000000004;590.4000000000001;464.5;226.0
605;383174.6945837236;3945999.084696243;27;7077;262.1111111111111;61.0;627.0;626.6;599.6;427.2000000000001;400.0;178.0
606;384306.4211706679;3945984.25975757;6;1438;239.66666666666666;128.0;447.0;447.0;447.0;407.40000000000003;372.75;192.0
607;376397.17176459054;3947015.482209076;17;4881;287.11764705882354;61.0;645.0;645.0;633.8;566.6;526.0;155.0
608;377528.79178297374;3946999.791658377;18;5704;316.8888888888889;69.0;534.0;534.0;478.2000000000001;446.6;446.0;330.0
609;378660.40991319384;3946984.2451376435;34;8549;251.44117647058823;61.0;679.0;566.5;504.0;422.0;301.0;214.0
61;336027.8494245555;3906054.651089033;5;733;146.6;69.0;266.0;266.0;266.0;260.8;253.0;89.0
610;379792.0261726331;3946968.8426446635;53;12025;226.8867924528302;61.0;527.0;519.9;424.6;338.2;310.0;199.0
611;380923.6405786825;3946953.5841772472;38;11121;292.6578947368421;61.0;735.0;636.1999999999997;563.3000000000001;515.0;496.25;212.0
612;382055.25314872223;3946938.4697332256;219;55941;255.43835616438355;2.0;911.0;597.0;547.0;459.0;424.0;191.0
613;383186.8639001412;3946923.499310448;82;23139;282.18292682926824;61.0;1005.0;774.1999999999999;632.7;482.0;424.5;175.0
614;384318.4728503301;3946908.6729067857;12;3309;275.75;61.0;663.0;663.0;615.3000000000002;423.00000000000006;367.25;238.0
615;385450.080016672;3946893.9905201304;61;14614;239.57377049180326;22.0;890.0;749.8999999999999;571.6;398.2000000000001;266.5;174.0
616;369620.99489806936;3948037.0847835103;5;1029;205.8;104.0;331.0;331.0;331.0;315.20000000000005;291.5;195.0
617;370752.5089278735;3948020.5283713522;1;145;145.0;145.0;145.0;145.0;145.0;145.0;145.0;145.0
618;371884.0209671267;3948004.11601705;13;3185;245.0;99.0;639.0;639.0;601.0;480.80000000000007;336.0;171.0
619;373015.53103319963;3947987.847718271;31;6176;199.2258064516129;61.0;469.0;466.0;398.00000000000006;303.40000000000003;281.0;180.0
62;330360.38060640625;3907084.446252671;2;385;192.5;165.0;220.0;220.0;220.0;220.0;220.0;192.5
620;374147.0391434513;3947971.7234727023;30;6609;220.3;61.0;701.0;642.1499999999999;511.9000000000001;269.0;247.25;174.0
621;375278.5453152533;3947955.7432780494;26;5492;211.23076923076923;61.0;559.0;558.65;460.0000000000001;319.2;313.5;149.0
622;371897.37219569477;3948928.54849275;22;4701;213.6818181818182;61.0;617.0;612.65;501.5999999999998;283.6;261.0;194.5
623;373028.7645589705;3948912.278589651;9;2069;229.88888888888889;96.0;556.0;556.0;556.0;484.0;355.5;156.0
624;374160.15496830683;3948896.152753943;11;2630;239.09090909090907;129.0;504.0;504.0;488.20000000000005;397.80000000000007;357.0;160.0
625;375291.54344105965;3948880.170983333;39;13093;335.71794871794873;105.0;809.0;717.0;610.0;529.0;481.0;284.0
626;374173.27346809383;3949820.583253162;49;7952;162.28571428571428;61.0;457.0;425.5;311.0;240.0;194.0;139.0
627;375304.54421781015;3949804.599907947;23;6214;270.17391304347825;74.0;600.0;594.3999999999999;568.0;490.60000000000014;471.0;153.0
628;376410.04956597;3947939.9071320393;41;11818;288.2439024390244;25.0;910.0;669.1;555.6000000000001;490.00000000000006;417.0;222.0
629;377541.5519129692;3947924.215032423;69;14610;211.7391304347826;61.0;595.0;522.5;477.0;361.0;323.5;182.0
63;331497.24796139;3907063.0873681395;5;966;193.2;99.0;425.0;425.0;425.0;374.4000000000002;298.5;167.0
630;378673.0523736209;3947908.666976969;26;9060;348.46153846153845;94.0;773.0;731.3499999999998;651.2;554.8000000000001;503.5;313.5
631;379804.55096528964;3947893.262963464;20;5946;297.3;61.0;664.0;661.05;599.7000000000002;523.8000000000001;487.25;260.0
632;380936.047705348;3947878.0029897196;71;18000;253.52112676056336;58.0;1162.0;780.5999999999997;544.8;432.80000000000007;373.0;168.0
633;382067.54261116224;3947862.8870535665;32;10193;318.53125;61.0;652.0;613.6499999999999;573.1;548.8000000000001;521.75;279.0
634;383199.0357001034;3947847.9151528548;130;37190;286.0769230769231;61.0;945.0;741.1499999999992;594.8;459.2000000000001;411.0;223.0
635;384330.5269895443;3947833.0872854562;51;15772;309.2549019607843;11.0;974.0;789.9999999999998;658.6000000000001;549.0;486.0;229.0
636;385462.0164968539;3947818.4034492625;36;9048;251.33333333333334;61.0;579.0;577.3;564.6;505.2000000000001;412.0;169.0
637;376422.9299945735;3948864.3332755496;59;20741;351.54237288135596;61.0;789.0;769.0;679.0;548.0;531.0;395.0
638;377554.3146462012;3948848.639628342;80;30548;381.85;86.0;822.0;684.85;616.9;571.8;558.25;373.5
639;378685.6974132957;3948833.090039483;109;34224;313.9816513761468;78.0;787.0;656.0;558.0;491.0;455.5;273.0
64;332634.1126237607;3907041.8719830047;7;1503;214.71428571428572;120.0;393.0;393.0;393.0;301.20000000000005;240.0;200.0
640;379817.07831320504;3948817.6845067553;109;37731;346.1559633027523;61.0;2410.0;690.5;658.0;544.0;511.5;280.0
641;380948.45736328536;3948802.423027972;36;13124;364.55555555555554;113.0;955.0;769.6999999999997;686.9000000000001;562.8000000000001;526.5;314.0
642;382079.8345808855;3948787.305600965;17;4876;286.8235294117647;61.0;754.0;754.0;684.4;474.2;417.0;321.0
643;383211.2099833602;3948772.3322235844;75;22228;296.3733333333333;61.0;787.0;678.2;604.8000000000002;531.0;513.0;188.0
644;384342.5835880663;3948757.502893702;35;8642;246.9142857142857;61.0;763.0;632.5999999999993;537.9999999999999;479.8;416.0;159.0
645;385473.95541235444;3948742.8176092105;28;4746;169.5;61.0;602.0;535.8499999999996;454.1;269.20000000000005;220.5;98.5
646;376435.81305013626;3949788.760639729;34;10146;298.4117647058824;61.0;794.0;663.5;608.5;558.0;458.25;228.5
647;377567.0799824074;3949773.0654462567;42;13515;321.78571428571433;82.0;977.0;774.5000000000002;570.6000000000001;473.4;444.25;244.0
648;378698.3450319602;3949757.5143253035;101;34512;341.7029702970297;61.0;888.0;768.9999999999999;658.4;550.2;506.5;290.0
649;379829.6082161244;3949742.1072746553;51;14624;286.7450980392157;75.0;698.0;673.0;599.2000000000002;475.8;453.0;211.0
65;333770.9746116114;3907020.800094208;5;1307;261.4;87.0;510.0;510.0;510.0;481.4000000000001;438.5;201.0
650;380960.86955224065;3949726.8442921233;86;31590;367.3255813953489;61.0;2131.0;958.5999999999998;789.6999999999999;581.8000000000001;546.25;299.0
651;382092.12905764114;3949711.725375539;114;38301;335.97368421052636;58.0;1668.0;826.0;657.5;548.0;501.0;278.0
652;383223.3867496626;3949696.7505227565;30;9730;324.33333333333337;61.0;1371.0;1092.6999999999996;772.7000000000002;562.6;465.0;236.0
653;384354.6426456479;3949681.9197316444;18;4703;261.27777777777777;61.0;712.0;712.0;623.8000000000002;432.20000000000016;405.0;169.0
654;385485.8967629267;3949667.233000096;102;19250;188.72549019607843;22.0;1262.0;557.8;477.3000000000001;290.2000000000003;193.75;129.5
655;376448.6987323961;3950713.1892246953;55;14081;256.0181818181818;9.0;609.0;560.1999999999998;470.2;373.00000000000006;352.0;233.0
656;377579.8479213274;3950697.4924862864;17;4598;270.47058823529414;61.0;1125.0;1125.0;592.1999999999996;378.6;349.0;198.0
657;378710.99522935424;3950681.939834552;54;15986;296.03703703703707;65.0;732.0;670.0;614.5;488.0;447.0;206.5
658;379842.14067379024;3950666.5312672867;43;13450;312.7906976744186;75.0;762.0;683.3999999999999;589.8000000000001;498.6;483.0;322.0
659;380973.2842719599;3950651.266782296;93;33667;362.01075268817203;17.0;1446.0;797.9;669.2000000000002;536.8000000000001;511.0;352.0
66;334907.8339430471;3906999.8716987143;2;298;149.0;148.0;150.0;150.0;150.0;150.0;150.0;149.0
660;382104.426041176;3950636.146377413;334;98976;296.33532934131733;1.0;1267.0;752.5;628.5;520.0;451.5;225.5
661;383235.5659987626;3950621.1700504925;83;25898;312.0240963855422;61.0;1530.0;810.9999999999999;650.0000000000001;539.4000000000001;497.0;174.0
662;384366.70416204026;3950606.3377994043;57;14068;246.80701754385967;8.0;925.0;701.0;529.6000000000001;378.20000000000033;313.5;190.0
663;378723.6480052194;3951606.36656735;69;15379;222.8840579710145;36.0;732.0;628.0;536.0;377.0;319.5;159.0
664;379854.6756859473;3951590.9564847667;74;15398;208.0810810810811;15.0;687.0;587.25;496.0;362.0;310.0;132.5
665;380985.70152218756;3951575.6904986072;64;19223;300.359375;60.0;1886.0;804.25;662.0;491.0;413.5;207.0
666;382116.7255312387;3951560.568606705;16;4588;286.75;61.0;676.0;676.0;651.5;464.6000000000001;430.75;233.0
667;383247.74773040693;3951545.5908069112;73;19173;262.64383561643837;33.0;873.0;576.8999999999996;495.0;402.0;351.5;220.0
67;336044.6906361648;3906979.086793514;1;503;503.0;503.0;503.0;503.0;503.0;503.0;503.0;503.0
68;330377.80877618544;3908008.8939512135;2;512;256.0;213.0;299.0;299.0;299.0;299.0;299.0;256.0
69;331514.55943104846;3907987.5328706875;1;330;330.0;330.0;330.0;330.0;330.0;330.0;330.0;330.0
7;331376.16789689555;3900592.001158648;1;188;188.0;188.0;188.0;188.0;188.0;188.0;188.0;188.0
70;332651.3073957914;3907966.3153042668;0;0;NaN;NaN;NaN;NaN;NaN;NaN;NaN;NaN
71;333788.05268849066;3907945.2412488987;0;0;NaN;NaN;NaN;NaN;NaN;NaN;NaN;NaN
72;334924.7953272322;3907924.310701547;6;781;130.16666666666666;76.0;163.0;163.0;163.0;155.8;149.5;140.0
73;336061.53533009975;3907903.5236592023;1;61;61.0;61.0;61.0;61.0;61.0;61.0;61.0;61.0
74;330395.24054838344;3908933.3428021753;3;1084;361.3333333333333;89.0;567.0;567.0;567.0;567.0;567.0;428.0
75;331531.87447903946;3908911.979527458;23;2456;106.78260869565217;61.0;353.0;328.79999999999967;205.2000000000001;139.00000000000003;120.0;93.0
76;332668.50572206645;3908890.7597815464;1;120;120.0;120.0;120.0;120.0;120.0;120.0;120.0;120.0
77;333805.13429552485;3908869.683561387;0;0;NaN;NaN;NaN;NaN;NaN;NaN;NaN;NaN
78;334941.7602174844;3908848.750863947;1;103;103.0;103.0;103.0;103.0;103.0;103.0;103.0;103.0
79;330412.6759226441;3909857.7928056726;5;733;146.6;95.0;180.0;180.0;180.0;176.4;171.0;148.0
80;331549.1931050067;3909836.427338571;2;276;138.0;127.0;149.0;149.0;149.0;149.0;149.0;138.0
81;332685.70760223246;3909815.205414963;5;622;124.4;61.0;187.0;187.0;187.0;182.4;175.5;149.0
82;333822.21943236457;3909794.127031795;1;124;124.0;124.0;124.0;124.0;124.0;124.0;124.0;124.0
83;330430.1148986095;3910782.243961823;34;4751;139.73529411764707;27.0;579.0;505.5;268.5;203.0;187.0;98.5
84;331566.5153085948;3910760.8763041412;1;200;200.0;200.0;200.0;200.0;200.0;200.0;200.0;200.0
85;332702.9130359357;3910739.65220463;1;91;91.0;91.0;91.0;91.0;91.0;91.0;91.0;91.0
86;333839.30809865834;3910718.571660236;0;0;NaN;NaN;NaN;NaN;NaN;NaN;NaN;NaN
88;327038.6903742374;3911771.6672779364;3;1145;381.6666666666667;345.0;416.0;416.0;416.0;416.0;416.0;384.0
89;328174.98213632795;3911749.8666944634;4;1000;250.0;87.0;584.0;584.0;584.0;584.0;494.0;164.5
9;330255.88725856453;3901537.7842555796;2;376;188.0;174.0;202.0;202.0;202.0;202.0;202.0;188.0
90;329311.27116422;3911728.209693104;6;1519;253.16666666666669;77.0;523.0;523.0;523.0;493.00000000000006;466.75;167.5
91;327056.4870292622;3912696.127388547;1;127;127.0;127.0;127.0;127.0;127.0;127.0;127.0;127.0
92;328192.66196324193;3912674.3245741557;3;1048;349.3333333333333;203.0;535.0;535.0;535.0;535.0;535.0;310.0
93;329328.834165564;3912652.66535653;2;363;181.5;178.0;185.0;185.0;185.0;185.0;185.0;181.5
94;327074.2873571438;3913620.5886466694;0;0;NaN;NaN;NaN;NaN;NaN;NaN;NaN;NaN
95;328210.34543893643;3913598.783603204;0;0;NaN;NaN;NaN;NaN;NaN;NaN;NaN;NaN
96;329346.40079161414;3913577.1221711417;0;0;NaN;NaN;NaN;NaN;NaN;NaN;NaN;NaN
97;327092.09135751694;3914545.0510524227;1;319;319.0;319.0;319.0;319.0;319.0;319.0;319.0;319.0
98;328228.03256305057;3914523.2437817273;5;779;155.8;61.0;328.0;328.0;328.0;297.4000000000001;251.5;154.0
99;329381.5449163915;3915426.0392543967;0;0;NaN;NaN;NaN;NaN;NaN;NaN;NaN;NaN
outsideOfDrtZonalSystem;NaN;NaN;0;0;NaN;NaN;NaN;NaN;NaN;NaN;NaN;NaN